sentiment,id,title,score,external_url,author,submitted_time
2,bdibgm,How Atlanta plans to get to 100% green energy by 2035,311,https://www.pri.org/stories/2019-04-15/how-atlanta-plans-get-100-green-energy-2035,Wagamaga,1555347006
1,qd60mq,U.S. Warns Climate Poses ‘Emerging Threat’ to Financial System,1,https://www.nytimes.com/2021/10/21/us/politics/climate-change-us-financial-system.html,No_Delay5284,2021-10-22
1,hgamiv,Nike CEO John Donahoe warns employees that layoffs are coming very soon,3,https://www.cnbc.com/2020/06/26/nike-ceo-john-donahoe-tells-employees-that-layoffs-are-coming.html,hissingkittycom,1593188370
2,ph2ah6,China to create new stock exchange in Beijing for smaller companies: Xi,1,https://asia.nikkei.com/Business/Finance/China-to-create-new-stock-exchange-in-Beijing-for-smaller-companies-Xi,JustARandomPerson902,2021-09-03
1,ptva43,Evergrande debt troubles seem particular to China -U.S. Fed's Powell,1,https://www.reuters.com/business/evergrande-debt-troubles-seem-particular-china-us-feds-powell-2021-09-22/,NineteenEighty9,2021-09-23
1,cvdkqo,Top U.S. publishers sue Amazon's Audible for copyright infringement,360,https://www.reuters.com/article/us-amazon-com-lawsuit/top-u-s-publishers-sue-amazons-audible-for-copyright-infringement-idUSKCN1VD1ZY,ChickenTeriyakiBoy1,1566764050
1,cdhhl0,Crack open an iPhone and you’ll begin to see why President Donald Trump’s ongoing trade war with China doesn’t make sense,77,https://questbuzz.com/the-guts-of-an-apple-iphone-show-exactly-what-trump-gets-wrong-about-trad/,Hamittyn,1563197388
2,lribjz,Berkeley ends more than 100-year-old single-family zoning policy,87,https://www.ktvu.com/news/berkeley-ends-more-than-100-year-old-single-family-zoning-policy,RoutineProcedure,1614187768
2,hvvzr2,U.S. sales of existing homes jump 20% after a 3-month slump,22,https://www.latimes.com/world-nation/story/2020-07-22/us-sales-of-existing-homes-jump-20-after-a-3-month-slump,WE_FAM_NOW,1595432393
2,ql8dri,Tesla Stock Loses $40 Billion In Market Value After Elon Musk Says Hertz Contract Hasn't Been Signed,1,https://www.forbes.com/sites/jonathanponciano/2021/11/02/tesla-stock-loses-40-billion-in-market-value-after-elon-musk-says-hertz-contract-hasnt-been-signed/,OpinionatedSquid,2021-11-02
2,rbr71w,Volkswagen exploring IPO of luxury carmaker Porsche -sources,279,https://www.reuters.com/markets/europe/volkswagen-exploring-ipo-luxury-carmaker-porsche-sources-2021-12-07/,Pessimist2020,1638969574
2,c5f0z7,"U.S. Tech Companies Sidestep a Trump Ban, to Keep Selling to Huawei",8,https://www.nytimes.com/2019/06/25/technology/huawei-trump-ban-technology.html,pipsdontsqueak,1561495742
1,hg92yk,"1.48 million people filed for first-time unemployment last week, worse than predictions",15,https://www.nbcnews.com/business/economy/1-48-million-people-filed-first-time-unemployment-last-week-n1232090,speckz,1593183363
1,r97c3q,NYC businesses told to pay up after not accepting cash,1,https://nypost.com/2021/12/04/nyc-businesses-told-to-pay-up-after-not-accepting-cash/,HRJafael,2021-12-05
1,oyzoc0,Credit Card Swipe Fees Continue to Threaten Small Businesses. Congress Should Act.,1,https://finance.yahoo.com/news/credit-card-swipe-fees-continue-153000283.html,thinkB4WeSpeak,2021-08-06
1,cxxcj4,GirlsDoPorn.com faces trial for allegedly filming 22 women under false pretenses,628,https://arstechnica.com/?p=1560683,luag,1567268417
1,bvoeas,Donald Trump’s war on cars is pushing the US closer to a recession,36,https://www.theverge.com/2019/6/1/18647215/donald-trump-mexico-tariffs-cars-recession-jobs,dopdecada,1559416600
1,g1rojb,"Best Buy to furlough about 51,000 employees as its stores remain closed to customers",4170,https://www.cnbc.com/2020/04/15/coronavirus-best-buy-to-furlough-about-51000-employees.html,uslvdslv,1586956484
2,pq287d,Build Back Better Act: Details &amp; Analysis of the $3.5 Trillion Budget Reconciliation Bill,1,https://taxfoundation.org/build-back-better-plan-reconciliation-bill-tax/,Dumbass1171,2021-09-17
2,axp2bv,"The federal deficit ballooned at start of new fiscal year, up 77 percent from a year before",3277,https://www.washingtonpost.com/business/economy/the-federal-deficit-ballooned-at-start-of-new-fiscal-year-up-77-percent-from-a-year-before/2019/03/05/ff8d31f6-3f75-11e9-9361-301ffb5bd5e6_story.html,pipsdontsqueak,1551813886
1,kvvpg4,Jobs Recovery Goes Into Reverse as Pandemic Takes a New Toll,2,https://www.nytimes.com/2021/01/08/business/economy/december-2020-jobs-report.html,Mighty_L_LORT,1610471169
2,t0pyew,"SEC probes Elon Musk, brother Kimbal over Tesla share sales - WSJ",1,https://www.reuters.com/business/us-regulator-probes-tesla-after-elon-musks-share-sales-wsj-2022-02-24/,Pessimist2020,2022-02-25
2,b1gihe,A simple macroeconomic model based on Modern Monetary Theory,7,https://econoblog101.wordpress.com/2019/03/04/a-simple-macroeconomic-model-based-on-modern-monetary-theory-and-published-in-2014-in-a-peer-reviewed-journal/,geerussell,1552664975
1,juyicl,US consumer sentiment falls for the first time in 4 months as spiking COVID-19 cases spur worry,20,https://www.businessinsider.com/consumer-sentiment-falls-surging-covid19-cases-concern-economic-recovery-umich-2020-11,hardlyeverawesome,1605492642
2,qfmkka,Empirically grounded technology forecasts and the energy transition,1,https://www.inet.ox.ac.uk/files/energy_transition_paper-INET-working-paper.pdf,LtCmdrData,2021-10-25
1,hkoq6l,White House 'free marketeers' raised concerns over coronavirus price-gouging crackdown,6,https://www.politico.com/news/2020/07/03/white-house-coronavirus-price-gouging-348434,KuduIO,1593802525
2,lswtps,Friedman vs Phillips: A historic divide,13,https://voxeu.org/article/friedman-vs-phillips-historic-divide,LaromTheDestroyer,1614342863
3,lgwjts,"Biden’s claim that with a $15 minimum wage, ‘the whole economy rises’",56,https://www.washingtonpost.com/politics/2021/02/09/bidens-claim-that-with-15-minimum-wage-whole-economy-rises/,jayfreeze7,1612972375
1,q6zlua,When Environmental Regulations Backfire,1,https://www.city-journal.org/when-environmental-regulations-backfire?utm_source=Twitter&amp;utm_medium=Organic_Social,Dumbass1171,2021-10-13
3,qb9z1v,Evergrande will pay its next coupon and China believes the crisis is under control,1,https://digesttime.com/2021/10/18/evergrande-will-pay-its-next-coupon-and-china-believes-the-crisis-is-under-control/,Theauntgate,2021-10-19
3,byeirq,Raytheon and United Technologies are in late-stage talks to merge in an all-stock deal,250,https://www.cnbc.com/2019/06/08/raytheon-and-united-technologies-are-in-talks-to-merge-wsj.html,michapman2,1560040058
3,ct5vsg,Trump Says He’s Exploring ‘Various Tax Reductions’ and the Economic Data He Loves Shows Why,10,https://www.nytimes.com/2019/08/20/us/politics/trump-economy-recession-data.html,pipsdontsqueak,1566333979
2,bb8j8v,Billions in the Ground: The Race to Harvest North Korea's Rare Earth Reserves,10,https://nationalinterest.org/blog/korea-watch/billions-ground-race-harvest-north-koreas-rare-earth-reserves-50137,TapsCoogan,1554819799
3,qj7v5l,Facebook’s Meta mission was laid out in a 2018 paper declaring ‘The Metaverse is ours to lose’,1,https://www.cnbc.com/2021/10/30/facebooks-meta-mission-was-laid-out-in-a-2018-paper-on-the-metaverse.html,Galeander,2021-10-30
1,swhg4d,Inflation has many retirees worried about outliving their savings,1,https://www.npr.org/2022/02/19/1081875948/inflation-has-many-retirees-worried-about-outliving-their-savings,wewewawa,2022-02-19
1,jvyrqx,Fewer international students studying in the U.S. cost the country $1.8 billion last year,22,https://www.cnbc.com/2020/11/17/fewer-international-students-cost-the-country-1point8-billion-last-year.html,Sirskywaves,1605638979
3,c22xtt,"Beyond Meat stock briefly trades above $200, hits a new all-time high",119,https://www.cnbc.com/2019/06/18/beyond-meat-stock-briefly-trades-above-200-after-soaring-18percent.html,AnecstaticDude,1560868226
1,g5qj1s,"Column: Amid coronavirus pandemic, Trump tariffs raise cost of masks, other medical supplies",2,https://www.latimes.com/business/story/2020-04-21/coronavirus-trump-tariffs,BlankVerse,1587512813
1,bwppdp,"FTD Files for Bankruptcy, Will Sell Assets",11,https://www.bloomberg.com/news/articles/2019-06-03/flower-delivery-mainstay-ftd-files-bankruptcy-will-sell-assets,currygoat,1559660475
1,flghp2,"As China’s Virus Cases Reach Zero, Experts Warn of Second Wave",2,https://www.bloomberg.com/news/articles/2020-03-18/as-china-virus-cases-near-zero-experts-warn-of-second-wave,uslvdslv,1584647510
3,bcz6j4,Bank of America is raising its minimum wage for employees to $20 an hour,301,https://www.cnbc.com/2019/04/09/bank-of-america-is-raising-its-minimum-wage-for-employees-to-20-an-hour.html?__source=facebook%7Cmain&amp;fbclid=IwAR1M7KZxD5oG6HWlLd0J3ZZAZF6uesw54rD1VrN3M1Lrjv0OAVp-fNDHKHw,da8415,1555215826
2,bqudik,International evidence for Keynesian economics without the Phillips curve,32,https://voxeu.org/article/international-evidence-keynesian-economics-without-phillips-curve,lunaranus,1558351987
1,d3ptsj,"Trading Tax Would Be ‘Devastating,’ High-Speed Advocates Say",10,https://www.bloomberg.com/news/articles/2019-09-12/trading-tax-would-be-devastating-high-speed-advocates-say,unstabletaco,1568383918
1,b1fime,Nearly Three Quarters of Economists Say $15 Minimum Wage Is Bad Idea,227,https://freebeacon.com/issues/nearly-three-quarters-of-economists-say-15-minimum-wage-is-bad-idea/,dtlv5813,1552659579
2,stq9ra,Can Democrats See What’s Coming?,1,https://www.nytimes.com/2022/02/12/opinion/yellen-supply-side-liberalism.html,xena_lawless,2022-02-16
2,o0gyco,"Nobel winner’s evolution from ‘dark realist’ to just plain realist on climate change. In new book, William Nordhaus says there’s a better way to frame the challenges posed by global warming and find solutions",11,https://www.washingtonpost.com/climate-solutions/2021/06/14/qa-william-nordhaus-interview-carbon-pricing/,coolbern,1623770733
2,bgyvm0,When does a minimum wage become too high?,14,https://www.npr.org/sections/money/2019/04/23/716126740/when-does-a-minimum-wage-become-too-high,SuccessfulOperation,1556134187
1,p50dz3,Japanese taxpayers were shut out from Olympic venues. Now they can view the staggering bill.,1,https://www.washingtonpost.com/world/2021/08/15/olympics-tokyo-costs-japan/,Puzzleheaded_Basil13,2021-08-15
2,fxuu9k,It’s time to move past employer-based health insurance,14,https://www.vox.com/2020/4/9/21210353/coronavirus-health-insurance-biden-sanders-medicare-for-all,Splenda,1586447564
2,qdecv8,A Study of 2.7 Million Startups Found the Ideal Age to Start a Business (and It's Much Older Than You Think),1,https://www.inc.com/jeff-haden/a-study-of-27-million-startups-found-ideal-age-to-start-a-business-and-its-much-older-than-you-think.html?cid=sf01001,panion,2021-10-22
1,fkt1pn,Stock market: Dow Jones falls below 2017 level before Trump took office,2,https://www.vox.com/2020/3/18/21181976/dow-jones-trump-lower-coronavirus,bjb406,1584551356
2,ouhbto,Didi: Chinese ride-hailing giant denies plans to go private,1,https://www.bbc.co.uk/news/business-58021828,WannoHacker,2021-07-30
1,cvp11o,American Hobby Store Getting Killed by Trump's Tariffs,22,https://www.courthousenews.com/small-businesses-see-big-toll-from-us-tariff-hike/,SBMZac,1566830789
2,rcim07,US jobless claims drop 52-year low amid seasonal volatility | AP News,1,https://apnews.com/article/jobless-claims-lowest-in-decades-seasonal-volatility-4dc9a3db3633b3413887b6fb15ae4e17,Motor-Ad-8858,2021-12-09
2,axqmna,Wall Street Firms Said to Agree to Clean Up Shady (Manufactured defaults) CDS Trades,15,https://www.bloomberg.com/news/articles/2019-03-05/wall-street-titans-said-to-cut-deal-to-clean-up-shady-cds-trades,xarc13,1551822113
3,st3tj9,Belgium to give workers right to request four-day week. Economic reforms include allowing staff to earn three-day weekend by working longer hours,1,https://www.theguardian.com/law/2022/feb/15/belgium-to-give-workers-right-to-request-four-day-week,GoMx808-0,2022-02-15
2,bjzmmj,The Anatomy of a Market Correction,5,https://www.visualcapitalist.com/anatomy-market-correction/,ploflo,1556828497
1,b908kk,Japan’s Statistics Scandal: The Need for New Approaches,8,https://www.nippon.com/en/in-depth/d00475/japan%E2%80%99s-statistics-scandal-the-need-for-new-approaches.html,lingben,1554309199
1,hurldq,U.S. air travel falls for first week since April as coronavirus cases spike,52,https://www.cnbc.com/2020/07/20/us-air-travel-falls-for-first-week-since-april-as-coronavirus-cases-spike.html,shortchange81,1595272446
3,q0h9ai,More Americans have $1 million saved for retirement than ever before,1,https://www.marketwatch.com/story/more-americans-have-1-million-saved-for-retirement-than-ever-before-11629478108,techbro78,2021-10-03
1,rb49si,Tesla’s Elon Musk Really Doesn’t Like Biden’s Spending Bill,0,https://www.barrons.com/articles/tesla-elon-musk-biden-51638875110?tesla=y,GeorgeKaplanIsReal,2021-12-07
2,r0n52y,Samsung Picks Texas Site for Advanced U.S. Chip Plant,1,https://finance.yahoo.com/news/samsung-picks-texas-advanced-u-032558343.html,peter_bolton,2021-11-23
1,c0y98b,Why the 737 Max should never fly again,163,https://www.thestar.com/business/opinion/2019/06/15/why-the-737-max-should-never-fly-again.html,discocrisco,1560611228
1,pjxmov,States That Cut Unemployment Benefits Saw Limited Impact on Job Growth,1,https://www.wsj.com/articles/states-that-cut-unemployment-benefits-saw-limited-impact-on-job-growth-11630488601,Kirito_Beleren,2021-09-07
3,oom8ev,JPMorgan hands boss Jamie Dimon million dollar 'special award' to stay at the bank,1,https://sg.news.yahoo.com/jpmorgan-jamie-dimon-special-award-stock-appreciation-rights-tenure-stay-ceo-081320273.html,WannoHacker,2021-07-21
2,rapo2a,Leveraged Loan Market Sees Second Pulled Deal in Two Days,1,https://www.bloomberg.com/news/articles/2021-12-06/leveraged-loan-market-sees-second-pulled-deal-in-two-days?sref=frV97TwV,elija_snow,2021-12-07
1,p0p4gd,The Fed’s ultraloose monetary policy could hurt both the economy and Biden’s agenda,1,https://www.washingtonpost.com/opinions/2021/08/06/feds-ultraloose-monetary-policy-could-hurt-both-economy-bidens-agenda/,ThomasSnout,2021-08-08
2,r2i5n0,China Asks Didi to Delist From U.S. On Security Fears,1,https://www.bloomberg.com/news/articles/2021-11-26/china-is-said-to-ask-didi-to-delist-from-u-s-on-security-fears?sref=BXV5fZtz&amp;fbclid=IwAR3EmRnOyT7nGdbXV4GXS5jDLl9_r_35eH9KOp39vNyXTE0jkfKCaJmKdl8,DownBadddddd,2021-11-26
2,dp55f3,"If we’re serious about changing the world, we need a better kind of economics to do it - Guardian Opinions",4,https://www.theguardian.com/commentisfree/2019/oct/30/changing-world-better-economics-honest-humane,XVll-L,1572433233
3,bd5vsx,Lyft goes ahead of Uber in the IPO game,113,https://www.tradingsitereviews.com/investing/lyft-goes-ahead-of-uber-in-the-ipo-game,REDGRAVE65,1555266884
2,rhukw6,Why Biden Can’t Win On Inflation,1,https://fivethirtyeight.com/features/why-biden-cant-win-on-inflation/,psychothumbs,2021-12-16
1,qf5fxv,The Chronicle of Higher Education (Unpaywalled): America’s Standardized-Testing Giants Are Losing Money Fast,1,https://archive.ph/VXlr6,Genedide,2021-10-25
2,py3ff2,US rents rise more than 10%,1,https://www.bloomberg.com/news/articles/2021-09-29/u-s-rents-are-accelerating-at-shocking-rates-of-more-than-10,anthologyxxviii,2021-09-29
2,cbv4tu,"The first day of work at Nike, Salesforce, IBM, and SEGA",126,https://academyocean.com/blog/post/the-first-day-of-work-at-nike-salesforce-ibm-and-sega-1,VladimirPolo,1562847911
2,p15gqs,America’s Inflation Debate Is Fundamentally Confused,1,https://nymag.com/intelligencer/2021/08/americas-inflation-debate-is-fundamentally-confused.html,psychothumbs,2021-08-09
2,pzzzqo,China gorges on American grain-fed beef amid shrinking supplies from Down Under. Beef imports from the U.S. have grown nine times in the first eight months of 2021. Beef imports from Australia in the first eight months fell to half of what they were in the same period last year,1,https://www.reuters.com/world/china/china-gorges-american-grain-fed-beef-amid-shrinking-supplies-down-under-2021-10-01/,3rdOrderEffects,2021-10-02
2,r5i7oi,Elon Musk says SpaceX could face 'genuine risk of bankruptcy' from Starship engine production,1,https://spaceexplored.com/2021/11/29/spacex-raptor-crisis/,WannoHacker,2021-11-30
2,bdsfhc,Why Does Trump Want to Turn America Japanese?,7,https://www.bloomberg.com/view/articles/2019-04-15/donald-trump-s-economic-strategy-is-scarily-japanese,GrouchyMcGrouch,1555411377
2,ikk1rl,How can the debt caused by Covid-19 be dealt with?,2,https://theeconoblog.com/index.php/2020/06/25/how-can-the-debt-caused-by-covid-19-be-dealt-with/,Shaz8t7,1598966168
2,qe6l6b,"Long-term trends in income inequality: Winners and losers of economic change in Ghana, 1891–1960",1,https://www.sciencedirect.com/science/article/pii/S0014498321000231,dreaded_python,2021-10-23
2,bcpaij,How Amazon paid zero in taxes on its billions.,3,https://infadium.blogspot.com/p/blog-page_13.html,culaterbro,1555152358
2,pasrn3,DoubleLine Capital CEO states “there’s easily 25% downside in the U.S. dollar”,1,https://finance.yahoo.com/news/jeffrey-gundlach-view-on-the-us-dollar-decline-154813067.html,jsie-iaiqhsi816278,2021-08-24
3,cex2pr,Who is Bernard Arnault? Louis Vuitton chief passes Bill Gates as world’s second-richest person,18,https://finance.yahoo.com/news/who-is-bernard-arnault-155627201.html,thatsocrates,1563478386
2,akfuzc,20% of Americans in relationships are committing financial infidelity,26,https://finance.yahoo.com/news/20-percent-americans-in-relationship-commit-financial-infidelity-survey-155414298.html,Sirskywaves,1548623439
2,oppq1o,Does anybody use this website? tradingeconomics.com,1,https://tradingeconomics.com/,KayqubadKhan,2021-07-22
3,osgz8z,Tesla reaches milestone with first $1B quarterly profit,1,https://abcnews.go.com/Business/wireStory/tesla-reaches-milestone-1b-quarterly-profit-79072668,GOR098,2021-07-27
1,tda2qb,Recession in the USA and EU with Ukraine Crisis,1,https://coinbynews.com/recession-usa-and-eu-ukraine-crisis,Reuea,2022-03-13
2,qqzetg,Common Misconceptions about the Consumer Price Index: Questions and Answers : U.S. Bureau of Labor Statistics,1,https://www.bls.gov/cpi/factsheets/common-misconceptions-about-cpi.htm,LtCmdrData,2021-11-10
2,tbiten,Didi to halt Hong Kong listing plans according to Bloomberg News,1,https://www.reuters.com/markets/asia/didi-halt-hong-kong-listing-plans-bloomberg-news-2022-03-11/,Motor-Ad-8858,2022-03-11
1,sojtca,Americans lost $304 million on dating apps last year,1,https://www.tampabay.com/news/crime/2022/02/09/tampa-bay-women-found-love-online-the-scam-cost-them-everything/?n,Spagetti13,2022-02-09
3,gzwt5q,Report: Consumers on track for record year of debt repayment before coronavirus hit,31,https://www.thedailyfodder.com/2020/06/report-consumers-on-track-for-record.html,Logical-Belt,1591738516
2,jgnoqo,"More than 700 leading economists, including 7 Nobel winners, urge US voters to reject Trump, a 'selfish and reckless' president",2,https://www.businessinsider.com/trump-election-day-economists-biden-economy-growth-gdp-2020-10,javaxcore,1603461779
2,stpsua,Meta agrees to pay $90 million to settle a lawsuit alleging Facebook kept tracking users after they logged off,1,https://www.businessinsider.com/meta-facebook-pay-90-million-lawsuit-tracking-users-logged-off-2022-2,GoMx808-0,2022-02-16
3,ls031r,HP is buying gaming accessory brand HyperX for $425 million,3,https://www.theverge.com/2021/2/24/22298904/hp-acquires-hyperx-kingston-announcement,rainbowarriorhere,1614234557
2,gyzlgn,"Coronavirus for kids without internet: Quarantined worksheets, learning in parking lots",26,https://www.usatoday.com/story/news/education/2020/04/01/coronavirus-internet-speed-broadband-online-learning-school-closures/5091051002/,[deleted],1591623898
2,dlhceq,Fed repo: Worries continue over the efforts to fix funding issues,12,https://www.cnbc.com/2019/10/22/fed-repo-worries-continue-over-the-efforts-to-fix-funding-issues.html,newnemo,1571747973
3,re96vl,This 68-year-old retiree lives on $620 per month in Mexico,1,https://www.cnbc.com/2021/12/11/this-68-year-old-retiree-lives-on-620-per-month-in-mexico-take-a-look-inside-her-160000-home.html,Bocifer1,2021-12-11
3,bnqum6,London handbag company recycles fire hoses into fashion accessories,14,https://www.businessinsider.com/london-handbag-fire-hoses-recycled-fashion-accessories-sustainability-2019-5,mike_gifford,1557678588
2,pkdnhy,CNN: Pelosi says raising the debt ceiling won't be part of reconciliation package,1,https://www.cnn.com/2021/09/08/politics/nancy-pelosi-debt-ceiling-reconciliation/index.html,tigeryi,2021-09-08
2,cyg48d,"Corporate Profits Are Down, But Wages Are Up: As a share of GDP, companies are bringing in less while workers take home more.",6,https://www.bloomberg.com/opinion/articles/2019-09-01/corporate-profits-are-down-but-wages-are-up,cryptoz,1567374718
1,po9495,Proposed IRS reporting of bank account information upsets Ohio’s community banks and Republican legislators,1,https://www.cleveland.com/open/2021/09/proposed-irs-reporting-of-bank-account-information-upsets-ohios-community-banks-and-republican-legislators.html,Lost_Lynx_6430,2021-09-14
1,gmprvc,Big Cable to Lose $264 Million in Revenue from Hidden Fees This Year Just from Customers That Left in Q1,4,https://www.killthecablebill.com/big-cable-264-million-q1/,GotTime4That,1589899061
3,pl2osr,"Costa Coffee gives staff 5% pay rise as it looks to recruit 2,000 workers",1,https://www.theguardian.com/business/2021/sep/09/costa-coffee-gives-staff-5-pay-rise-as-it-looks-to-recruit-2000-workers,WannoHacker,2021-09-09
2,q0meb9,Pandora papers: biggest ever leak of offshore data exposes financial secrets of rich and powerful.,1,https://www.theguardian.com/news/2021/oct/03/pandora-papers-biggest-ever-leak-of-offshore-data-exposes-financial-secrets-of-rich-and-powerful,lightinggod,2021-10-03
2,coiuu5,False Freedom: Sharing the Scraps from the Perilous Gig Economy,4,https://lithub.com/false-freedom-sharing-the-scraps-from-the-perilous-gig-economy/,Mynameis__--__,1565448057
2,rah94d,Six Things They’re Not Telling You About Inflation,1,https://www.dailyposter.com/six-things-theyre-not-telling-you-about-inflation/,saul2015,2021-12-06
3,mk34eg,Student Loan Relief For 1 Million More Borrowers — After Biden Cancels $2.3 Billion Of Student Loans,5,https://education.media/student-loan-relief-for-1-million-more-borrowers-after-biden-cancels-2-3-billion-of-student-loans,reianafares56,1617564876
3,q6v19n,Pelosi says proposal to take debt ceiling authority away from Congress 'has merit',1,https://thehill.com/homenews/house/576354-pelosi-says-proposal-to-take-debt-ceiling-authority-away-from-congress-has,BlankVerse,2021-10-12
3,hmf2a0,"Princeton will limit students on campus to one semester, discount tuition due to COVID-19",2,https://www.nj.com/coronavirus/2020/07/princeton-will-limit-students-on-campus-to-one-semester-discount-tuition-due-to-covid-19.html?utm_content=nj_twitter_njdotcom&amp;utm_source=twitter&amp;utm_medium=social&amp;utm_campaign=njdotcom_sf,aaj617,1594064980
2,orcg11,New Kent woman who helped journalists expose financial corruption may soon be imprisoned,1,https://richmond.com/news/state-and-regional/new-kent-woman-who-helped-journalists-expose-financial-corruption-may-soon-be-imprisoned/article_fe9cfbb9-2b23-5053-8d76-57b606a37483.html#tracking-source=home-top-story-1,r4816,2021-07-25
2,rbs88e,Lie Flat Meets the Great Resignation,40,https://www.bloomberg.com/news/newsletters/2021-12-08/what-s-happening-in-the-world-economy-lie-flat-meets-great-resignation,Defiant_Race_7544,1638972780
2,csp1u2,Hong Kong for International Business: Stick a Fork in It | China Law Blog,6,https://www.chinalawblog.com/2019/08/hong-kong-for-international-business-stick-a-fork-in-it.html,dtlv5813,1566256169
2,c99v6l,Why Airlines Should Fear Self-Driving Cars,61,https://betterquestions.blog/why-the-autonomous-revolution-will-give-southwest-airlines-no-luv/,wsmrun,1562287869
2,oum6vo,"Fed Chair Jerome Powell: ""Inflation Could Turn Out To Be Higher And More Persistent Than We Expect""",1,https://www.realclearpolitics.com/video/2021/07/28/fed_chair_jerome_powell_inflation_could_turn_out_to_be_higher_and_more_persistent_than_we_expect.html,ElonMuch,2021-07-30
1,qbe6wg,Chinese developer Sinic defaults as Evergrande deadline looms,1,https://www.ft.com/content/1e79c466-c813-41de-a0b3-cbd27a983aaa,PlantTreesEveryday,2021-10-19
1,avf2cp,Behind the Market Swoon: The Herdlike Behavior of Computerized Trading,8,https://www.wsj.com/articles/behind-the-market-swoon-the-herdlike-behavior-of-computerized-trading-11545785641,Mynameis__--__,1551283545
1,h0j39t,"Without Additional Aid to State, Local Governments, Over 5 Million Workers Could Lose Jobs by End of 2021, Economic Analysis Shows",9,https://www.newsweek.com/without-additional-aid-state-local-governments-over-5-million-workers-could-lose-jobs-end-1510045,Zaxo1990,1591819903
2,gwp8g8,LA Mayor Slashes LAPD Budget As Calls To ‘Defund Police’ Slowly Pick Up Steam,2,https://www.forbes.com/sites/jackbrewster/2020/06/04/la-mayor-slashes-lapd-budget-as-calls-to-defund-police-slowly-pick-up-steam/#a220d531ba36,MustacheBattle,1591301709
3,bathq6,"The 'Trump effect' is slowing progress on climate change, but investors are fighting back and winning",9,https://www.cnbc.com/2019/04/06/trump-loves-coal-hates-climate-action-but-investors-are-fighting-back.html,Wagamaga,1554728279
3,bx1m07,Beyond Meat’s stock pops on report that meatless companies are struggling to keep up with surging demand,554,https://www.cnbc.com/2019/06/04/beyond-meats-stock-pops-on-report-that-meatless-companies-are-struggling-to-meet-demand.html,lnfinity,1559735103
3,r6qz31,Capital One is the first big bank to get rid of overdraft fees,1,https://www.cnn.com/2021/12/01/investing/capital-one-overdraft-fees/,wewewawa,2021-12-01
2,bvkbtq,China Launches Investigation Into FedEx in Trade War Escalation,10,https://www.bloomberg.com/news/articles/2019-06-01/china-launches-investigation-into-fedex-xinhua?cmpid=BBD060119_WKND&amp;utm_medium=email&amp;utm_source=newsletter&amp;utm_term=190601&amp;utm_campaign=weekendreading,am3l1a,1559392374
1,pu8d1k,"The Fed has signalled an inflection point: US taper may be steeper, and its first rate rise sooner, than expected",1,https://www.ft.com/content/becc9a89-6c06-4ace-a380-736cedb2fcc1,leftisturbanist17,2021-09-24
3,bhhpwm,Stock market's value under Trump has grown by $6.9 trillion to $30.6 trillion,15,https://www.cnbc.com/2018/01/18/stock-markets-value-under-trump-has-grown-by-6-point-9-trillion-to-30-point-6-trillion.html,georgre1964,1556249473
2,pgf8s5,"Federal Jobless Aid, a Lifeline to Millions, Reaches an End",1,https://www.nytimes.com/2021/09/02/business/economy/federal-unemployment-benefit-cutoff.html,JustARandomPerson902,2021-09-02
3,qlzfmt,BMW profits rise to €3.4bn as focus turns to more expensive cars,1,https://www.theguardian.com/business/2021/nov/03/bmw-profits-rise-focus-turns-to-more-expensive-cars,WannoHacker,2021-11-03
2,kxat7m,Hong Kong emigration to Britain could mean $36 billion capital outflow,2,https://www.reuters.com/article/idUSKBN29J0WM,fragrance-harbour,1610646942
2,d2c7v8,China to wean off US key Technologies by 2025 due to trade war,564,https://www.cnbc.com/2019/09/10/china-will-win-trade-war-reduce-reliance-on-us-tech-strategist.html,komokasi,1568141118
3,fxvq8h,Federal Reserve takes additional actions to provide up to $2.3 trillion in loans to support the economy,2,https://www.federalreserve.gov/newsevents/pressreleases/monetary20200409a.htm,npc_corp_alt,1586450419
3,b511pj,The Great American Cardboard Comeback,2,https://www.nytimes.com/2019/03/22/business/cardboard.html,currygoat,1553459013
1,dhlu34,"Amazon's delivery contractors announce upward of 2,000 layoffs even as the mega-retailer's logistics demand balloons",241,https://www.businessinsider.com/amazon-delivery-driver-contractors-layoffs-nationwide-2019-10,thinkB4WeSpeak,1571029169
3,xy7uim,US to boost gas exports to Germany under deal with EnBW,1,https://www.ft.com/content/064437a4-2c60-4962-b722-d669d71e914a#comments-anchor,Soupjoe5,2022-10-07
2,pjs2vr,How to keep your employees from joining the ‘Great Resignation’,1,https://www.computerworld.com/article/3632388/how-to-keep-your-employees-from-joining-the-great-resignation.html,yourbasicgeek,2021-09-07
3,ctyk7w,Manufacturing sector contracts for the first time in nearly a decade,119,https://www.cnbc.com/2019/08/22/manufacturing-sector-contracts-for-the-first-time-in-nearly-a-decade-according-to-ihs-markit.html,WallStreetMeme,1566485742
1,c65qd9,"Ford is cutting 12,000 jobs in Europe to increase profitability",47,https://www.marketwatch.com/story/ford-is-cutting-12000-jobs-in-europe-to-increase-profitability-2019-06-27,FenrirIII,1561643279
1,mzyz99,Ireland: Operating A Cryptocurrency Company Without Registration With The Central Bank Is A Crime,2,https://www.globaltrends.us/2021/04/ireland-operating-cryptocurrency.html,mikyy11,1619558545
1,cz3gmu,Auto sector slowdown: Too many cars; too few buyers,71,https://www.dkoding.in/business/industry/auto-sector-slowdown-too-many-cars-too-few-buyers/,DkodingOfficial,1567509361
2,axzbp2,"'Amazon Doesn't Need The Money': In The D.C. Region, Resistance Is Growing To Tax Breaks For HQ2",631,https://wamu.org/story/18/07/19/amazon-doesnt-need-money-d-c-region-resistance-growing-tax-breaks-hq2/,reddfeathers,1551882020
1,d0o0mt,Progressive Website ThinkProgress Is Shutting Down Because Nobody Wants To Buy It,6,https://dailycaller.com/2019/09/06/progressive-website-think-progress-shut-down/,qw1952,1567810551
1,bgt9mv,The Bullshit of Intrapreneurship - outBOXidea,8,https://outboxidea.net/en/the-bullshit-of-intrapreneurship/,wagner3m,1556104079
1,au4upw,Trucking company to lay off more than 400 workers,22,https://cdllife.com/2019/trucking-company-to-lay-off-more-than-400-workers/,thinkB4WeSpeak,1550986366
3,ce3sq4,Ackman’s London-Listed Pershing Square Gets Its Own Activist,30,https://www.bloomberg.com/news/articles/2019-07-16/ackman-s-london-listed-pershing-square-gets-its-own-activist?srnd=premium-europe,Beren-,1563314645
3,t3x45k,"Analysis: After sanctions barrage, Russia's emerging market allies explore workarounds",1,https://www.reuters.com/business/after-sanctions-barrage-russias-emerging-market-allies-explore-workarounds-2022-02-28/,Motor-Ad-8858,2022-03-01
3,ory41y,A Key Gauge of Future Inflation Is Easing,1,https://www.wsj.com/articles/a-key-gauge-of-future-inflation-is-easing-11627291800,olusknox,2021-07-26
2,cznahx,Mainstream media &amp; politicians (e.g. Kamala Harris) are still talking about the Gender Pay Gap -- Anything to it?,5,https://medium.com/@centerissexy/gender-pay-gap-a-moral-issue-or-moral-panic-27f11b1529dd,centerissexy,1567615074
3,qhpshd,Executive says Exxon will be focused on hydrocarbons 'for a long time',1,https://www.reuters.com/business/energy/executive-says-exxon-will-be-focused-hydrocarbons-for-long-time-2021-10-28/,Carlsson389,2021-10-28
3,c5nw8e,India Issues New Tender for Solar Power Equipment Factories - Bloomberg,52,https://www.bloomberg.com/news/articles/2019-06-26/india-issues-new-tender-for-2gw-solar-power-equipment-factories,Spinach_Feta_Wrap,1561542804
2,pei5ht,New Zealand deals with first Pfizer vaccine related death. Puts on Pfizer anyone?,1,https://patrioticbets.com/2021/08/30/new-zealand-deals-with-first-pfizer-vaccine-related-death-puts-on-pfizer-anyone/,patrioticbets,2021-08-30
2,hf3qt8,Volatility trades are the toxic subprime mortgages of the Covid Crash,13,https://www.institutionalinvestor.com/article/b1m6kkzscgqrl0/How-to-Lose-a-Billion-Dollars-Without-Really-Trying,MsMittens,1593014902
2,bgq5z0,"Rich countries tend to have a bigger middle-class, except the USA",2023,https://kyso.io/eoin/rich-countries-tend-to-have-a-bigger-middle-class-except-the-usa,lordhersch,1556079060
2,dbveko,What is a $15 wage really worth? Depends where you live,5,https://www.pewresearch.org/fact-tank/2018/10/10/the-real-value-of-a-15-minimum-wage-depends-on-where-you-live/,rhuerta07,1569945379
1,dkzq5r,"When Medical Debt Collectors Decide Who Gets Arrested - Welcome to Coffeyville, Kansas, where the judge has no law degree, debt collectors get a cut of the bail, and Americans are watching their lives — and liberty — disappear in the pursuit of medical debt collection.",716,https://features.propublica.org/medical-debt/when-medical-debt-collectors-decide-who-gets-arrested-coffeyville-kansas/,speckz,1571660465
2,kvzoq9,"Exclusive: Biden to name Gary Gensler as U.S. SEC chair, sources say",2,https://www.reuters.com/article/usa-biden-sec/exclusive-biden-to-name-gary-gensler-as-u-s-sec-chair-sources-say-idUSL1N2JN2HL,1to14to4,1610482539
1,q2kms4,T-shirts and jeans may get more expensive as cotton prices hit 10-year high,14,https://edition.cnn.com/2021/10/05/investing/cotton-prices/index.html,faded_aura,1633527430
2,btgjw3,The Trade War between the U.S. and China: A Prisoner’s Dilemma,15,http://blogs.cornell.edu/info2040/2018/09/20/the-trade-war-between-the-u-s-and-china-a-prisoners-dilemma/,RichKatz,1558924069
2,ddjrma,PG&amp;E says it has $34.45 billion in debt financing for reorganization,153,https://www.reuters.com/article/us-pg-e-us-bankruptcy/pge-says-it-has-34-45-billion-in-debt-financing-for-reorganization-idUSKBN1WJ2CG,GodOfDarknessWine,1570258436
2,gyv8a1,EY Fights Fires on Three Audit Cases That Threaten its Global Reputation,82,https://www.ft.com/content/576e4c7f-93e5-4e8a-b5ba-5e1161533c5a,Beren-,1591604027
2,at7z4p,Myth of Nordic Socialism,71,https://www.forbes.com/sites/jeffreydorfman/2018/07/08/sorry-bernie-bros-but-nordic-countries-are-not-socialist/,NoahEric123,1550780763
3,po6rgi,Amazon hikes starting pay to $18 an hour,1,https://www.reuters.com/business/exclusive-amazon-hikes-starting-pay-18-an-hour-it-hires-125000-more-logistics-2021-09-14/,BlankVerse,2021-09-14
2,pljebk,"Fed’s Kaplan, Rosengren to Sell All Stocks Amid Ethics Concerns",1,https://www.bloomberg.com/news/articles/2021-09-09/fed-s-kaplan-rosengren-to-sell-all-stocks-amid-ethics-concern,kewlwin,2021-09-10
2,d18sgn,"Global Digital Banking; Interview With Jason Blick, the CEO of EQIBank.",28,https://www.techbullion.com/interview-with-jason-blick-the-ceo-of-eqibank/,Gewdjohb,1567934551
1,tbg90h,"In first months since passage of St. Paul’s rent-control ordinance, housing construction is way down | MinnPost",1,https://www.minnpost.com/cityscape/2022/03/in-first-months-since-passage-of-st-pauls-rent-control-ordinance-housing-construction-is-way-down/,JamesMcGillEsq,2022-03-11
1,bp0u40,"The Folly of Protectionist Tariffs — Trump Trade War Will Hurt Poor, Working-Class Americans Most",2,https://www.nationalreview.com/2019/05/trump-trade-war-china-tariffs-hurt-poor-working-class-americans/,BlankVerse,1557941409
3,bk02wb,U.S. Worker Productivity Advances at Best Rate Since 2010,13,https://www.wsj.com/articles/u-s-worker-productivity-advances-at-best-rate-since-2010-11556800550,Horace_Mump,1556830860
2,pw6gdr,China Power Crunch Is Next Economic Shock Beyond Evergrande,1,https://finance.yahoo.com/news/china-power-crunch-next-economic-210000280.html,sirboozebum,2021-09-27
2,ot5w6d,Binance CEO says he’s willing to step down as world’s biggest crypto exchange welcomes regulation,1,https://www.cnbc.com/2021/07/27/binance-ceo-says-willing-to-step-down-amid-crypto-crackdown.html,WannoHacker,2021-07-28
3,djqx1i,New York Fed Injects $104.15 Billion in Short-Term Liquidity,257,https://www.wsj.com/articles/new-york-fed-injects-30-65-billion-in-short-term-liquidity-11571318743,xcsler_returns,1571420268
2,b2wm0a,Can the 37 Year-Old Dissolution of ATT Teach Us Anything About a Big-Tech Breakup?,2,https://www.adweek.com/brand-marketing/can-the-37-year-old-dissolution-of-att-teach-us-anything-about-a-big-tech-breakup/,jonfla,1552997279
1,sod00o,Neil Young calls on baby boomers to boycott four big banks,1,https://financialpost.com/fp-finance/banking/neil-young-calls-on-baby-boomers-to-boycott-four-big-banks-after-pulling-music-from-spotify,nightscrawler44,2022-02-09
2,bamii6,"The Myth of Swedish ""Socialism"" (Spoiler Alert - its mostly Capitalism)",14,https://www.men2podcast.com/podcast/episode/24c5fb62/ep-6-the-truth-about-swedish-socialism,micksolo,1554679118
2,q9eun8,The Great Supply-Chain Massacre by Diane Coyle,1,https://www.project-syndicate.org/commentary/current-supply-shocks-and-2008-global-financial-crisis-by-diane-coyle-2021-10,zhumao,2021-10-16
2,op86bi,"Jeep Maker Splits With Economists, Seeing Inflation Clearly",1,https://www.bloomberg.com/news/articles/2021-07-21/jeep-maker-sees-inflation-clearly-in-disconnect-with-economists?srnd=premium-europe,InspiroSpiro,2021-07-22
2,svnt2a,The Bored Ape Yacht Club founders weren't doxxed,1,https://qz.com/2129867/the-founders-of-5-billion-bored-ape-yacht-club-werent-doxxed/,scottnover,2022-02-18
3,dhen4o,"When planning for the next recession, economists say, don't fret about debt",3,https://www.reuters.com/article/us-usa-economy-debt/in-planning-for-next-u-s-recession-economists-say-dont-fret-about-debt-idUSKBN1WS0FJ,FossilizedUsername,1570992381
2,bt7zcr,Colorado Caps Insulin Co-Pays At $100 For Insured Residents,31,https://www.npr.org/2019/05/24/726817332/colorado-caps-insulin-co-pays-at-100-for-insured-residents?utm_campaign=npr&amp;utm_source=facebook.com&amp;utm_medium=social&amp;utm_term=nprnews&amp;fbclid=IwAR1ggoR47MorxEauZPQJxhTr12kZqglM3s9y7nes9eNVfR_wlSqSTzoLRVk,SheetrockBobby,1558877744
2,pcljd9,Little shop of horrors – the Fed’s repo facility (RBC Capital Markets),1,https://www.rbcwealthmanagement.com/_us/static/documents/insights/file-585764.pdf?v=20210826,jacobhess13,2021-08-27
3,rd8gcm,$35tn wealth surge provides solid platform for US growth (ING),1,https://think.ing.com/articles/35tn-wealth-surge-provides-solid-platform-for-us-growth/,jacobhess13,2021-12-10
2,be9j3s,"System D: the ""underground"" free marketplace that employs 50% of the global population. It is hiding in plain sight.",4,https://internationalman.com/articles/from-the-ashes/,intlmanphyle1,1555516912
2,ccsqjl,Nygren Presentation at CFA Brazil,13,https://twitter.com/jerrycap/status/1150074873374547968?s=21,ZiVViZ,1563043034
1,cf9hdg,"Divorce Destroys Finances of Americans Over 50, Studies Show",175,https://www.bloomberg.com/news/articles/2019-07-19/divorce-destroys-finances-of-americans-over-50-studies-show?srnd=premium,mynameis_neo,1563552740
2,t3r2ll,"Trudeau announces Canada ban on Russian oil imports. “Today, we are announcing a ban on all imports of crude oil from Russia, an industry that has benefited President Putin and his oligarchs greatly,”",1,https://www.timesofisrael.com/liveblog_entry/trudeau-announces-canada-ban-on-russian-oil-imports/,dannylenwinn,2022-02-28
2,ozocpf,What would two of the world's most famous economists think about Bitcoin ?,1,https://fortune.com/2021/08/06/bitcoin-vs-dollar-currency-economists-friedrich-hayek-milton-friedman/,btc_has_no_king,2021-08-07
2,axxp3s,Global economic growth forecasts cut again by OECD,25,https://ca.reuters.com/article/topNews/idCAKCN1QN13N-OCATP?rpc=401&amp;feedType=RSS&amp;feedName=topNews&amp;rpc=401,Wagamaga,1551870762
3,bnk0p5,Chobani Yogurt announces it will pay off all of Rhode Island Warwick School District's lunch debt,383,https://www.dailykos.com/story/2019/5/9/1856583/-Chobani-Yogurt-announces-it-will-pay-off-all-of-Rhode-Island-district-s-school-lunch-debt,thatsocrates,1557627029
2,peiv9m,Pending Home Sales Fall for Second Straight Month,1,https://finance.yahoo.com/news/pending-home-sales-july-2021-140004871.html,thinkB4WeSpeak,2021-08-30
2,cfkoj9,Trump has reportedly asked aides to find a way to weaken the US dollar,525,https://www.cnbc.com/2019/07/10/trump-has-reportedly-tasked-aides-to-find-a-way-to-weaken-the-us-dollar.html?__source=twitter%7Cmain,xcsler_returns,1563620901
1,dpx7nx,Trump abandons plan to freeze fuel efficiency standards of cars.,44,https://www.theverge.com/2019/10/31/20942685/trump-fuel-efficiency-freeze-general-motors-toyota-chrysler,darthatheos,1572570436
1,crst5p,Economic Concerns Send U.S. Consumer Mood to Seven-Month Low,123,https://www.bloomberg.com/news/articles/2019-08-16/u-s-consumer-sentiment-drops-to-seven-month-low-on-trade-fears,RichKatz,1566080167
2,qqfedh,Austerity Is Murder - An Introduction To Modern Monetary Theory!,1,https://irida.tv/economics/austerity-is-murder-an-introduction-to-modern-monetary-theory-ep-4/,nimanator,2021-11-09
2,bhckez,Pharma's Secret to Lobbying for Higher Drug Prices?,4,https://www.bloomberg.com/news/articles/2019-04-25/pharma-s-charity-allies-help-its-fight-to-keep-drug-prices-high,76before84,1556219456
2,r1v9zm,Canada house prices poised to surge again despite central bank warning,1,https://www.reuters.com/markets/us/up-up-up-canada-house-prices-poised-surge-again-despite-central-bank-warning-2021-11-24/,Renxer0002,2021-11-25
2,o1wcs8,"Tasks, Automation, and the Rise in US Wage Inequality",151,https://www.nber.org/papers/w28920,zsreport,1623933846
3,cbdjra,U.S. to approve Huawei sales where there is no threat to national security,28,https://venturebeat.com/2019/07/09/u-s-to-approve-huawei-sales-where-there-is-no-threat-to-national-security/,behindthedash,1562743149
3,gumlhl,"With $22 billion plan, Israel ups 2030 renewable energy target from 17% to 30%",3,https://www.timesofisrael.com/israel-ups-2030-renewable-energy-target-from-17-to-30-at-cost-of-22-billion/,Wagamaga,1591025266
1,keo83e,54% of NY restaurants expect to close in six months,2,https://therealdeal.com/2020/12/10/54-of-ny-restaurants-expect-to-close-in-six-months/,Mighty_L_LORT,1608172144
1,q14mdj,Christmas at Risk as Supply Chain ‘Disaster’ Only Gets Worse,1,https://www.bloomberg.com/news/features/2021-10-04/out-of-stock-shortages-for-christmas-shopping-put-retailers-at-risk?sref=14Z55afH,dabirds1994,2021-10-04
2,qwx2uv,"College Majors, Occupations, and the Gender Wage Gap",1,https://www.aeaweb.org/articles?id=10.1257/jep.35.4.223,dreaded_python,2021-11-18
2,d4zyho,The Federal Reserve is poised to deliver another rate cut,9,https://edition.cnn.com/2019/09/15/investing/stocks-week-ahead/index.html,hishipupz,1568636845
3,qigaow,"Exxon posts strongest results since 2017, pledges to resume share buybacks",1,https://www.reuters.com/business/energy/exxon-mobil-posts-highest-quarterly-profit-nearly-four-years-2021-10-29/,besselfunctions,2021-10-29
3,p630u1,Meet the company making mouse meat cat treats without harming animals,1,https://www.cnbc.com/2021/08/15/meet-the-company-making-mouse-meat-cat-treats-without-harming-animals.html,lnfinity,2021-08-17
2,r31hz3,"Fed’s Bostic Plays Down Risk From New Variant, Is Open to Faster Taper",1,https://www.bloomberg.com/news/articles/2021-11-26/bostic-plays-down-risk-from-new-variant-is-open-to-faster-taper,Church_of_NIMBYism,2021-11-27
1,h7dowo,Fear of coronavirus resurgence reaches Wall Street,34,https://www.washingtonexaminer.com/news/fear-of-coronavirus-resurgence-reaches-wall-street,Sorin61,1591934927
2,cluorz,Central banks should consider giving people money,120,https://www.ft.com/content/1d1610bc-b500-11e9-b2c2-1e116952691a,xcsler_returns,1564912518
2,tbu93l,"Biden calls for an end to Russia's 'most favored nation' trade status. President Biden on Friday called for the U.S. to revoke Russia’s “most favored nation” status, which would downgrade Russia as a trading partner and open the door to damaging new tariffs on Moscow over its invasion of Ukraine.",1,https://www.cnbc.com/2022/03/11/biden-will-push-to-end-russias-most-favored-nation-trade-status.html?__source=iosappshare%7Ccom.apple.UIKit.activity.Message,GoMx808-0,2022-03-11
2,bmkb3r,U.S. trade deficit with China hits five-year low,127,https://www.reuters.com/article/us-usa-economy/u-s-goods-trade-deficit-with-china-hits-five-year-low-idUSKCN1SF1L2,genericprofile1,1557411171
1,dejgfw,"GE freezing pensions for 20,000 employees",8,https://www.marketwatch.com/story/ge-freezing-pensions-for-20000-employees-2019-10-07,thatsocrates,1570454981
3,q4s87v,136 nations agree to biggest corporate tax deal in a century,1,https://www.ft.com/content/5dc4e2d5-d7bd-4000-bf94-088f17e21936,No_Delay5284,2021-10-09
2,b576pb,Investors Ditched Shares On Monday And Fled To The Safety Of Bonds,2,https://stockmarketnews.today/2019/03/25/investors-ditched-shares-on-monday-and-fled-to-the-safety-of-bonds/,MarkAALERa,1553495736
1,dasac2,"Juul CEO is out, and it stops all advertising as vaping crisis escalates",584,https://edition.cnn.com/2019/09/25/business/juul-ceo-resigns/index.html,skivviesremitte,1569743660
2,d2z6hk,President Trump said Wednesday that the U.S. will delay an upcoming increase in tariffs on $250 billion worth of goods from China at the request of Beijing.,4,https://thehill.com/homenews/administration/461016-trump-delays-new-tariffs-on-china-to-oct-15,magic_missile,1568245180
2,akewyf,"The World Economy Just Can’t Escape Its Low-Growth, Low-Inflation Rut",4,https://www.nytimes.com/2019/01/27/upshot/world-economy-low-growth-low-interest-deflation.html?action=click&amp;module=Top%20Stories&amp;pgtype=Homepage,DoremusJessup,1548616523
2,bnqild,India Hoped for an Abe. It Got a Lost Decade,16,https://www.bloomberg.com/opinion/articles/2019-05-12/modi-isn-t-india-s-abe-election-caps-a-lost-decade,TemporaryPlay,1557676867
2,pbjy9f,Ontario Teachers' Pension Plan looks at commodities for hedge against inflation,1,https://financialpost.com/fp-finance/ontario-teachers-pension-plan-looks-at-commodities-for-hedge-against-inflation,xcsler_returns,2021-08-25
2,b4sg5d,"Majority of Bitcoin Trading is a Hoax, New Study Finds",117,https://www.cnbc.com/2019/03/22/majority-of-bitcoin-trading-is-a-hoax-new-study-finds.html,Mynameis__--__,1553401743
2,rulrt3,"Delivery driver slams customers for ""tip baiting"" but customers defend the practice",1,https://nypost.com/2021/12/31/delivery-driver-slams-customers-for-promising-big-tips/,HRJafael,2022-01-02
2,t55ygr,"Fed Chair Powell notes 'highly uncertain' Ukraine impact, but says rate hikes are still coming",1,https://www.cnbc.com/2022/03/02/fed-chair-powell-notes-highly-uncertain-ukraine-impact-but-says-rate-hikes-are-still-coming.html?__source=iosappshare%7Ccom.apple.UIKit.activity.Message,GoMx808-0,2022-03-02
2,ax85e2,China's Xinhua presents news using robot news anchor,4,https://www.channelnewsasia.com/news/technology/china-xinhua-ai-robot-lifelike-female-news-anchor-11307696,SuitableScience,1551712318
1,cptyi5,US Removes Some Items From China Tariff List ...,21,https://stockmarketnews.today/2019/08/13/us-removes-some-items-from-china-tariff-list/,MarkAALERa,1565706803
1,aze552,US economy faces 'real risk of recession',15,https://www.telegraph.co.uk/business/2019/03/09/us-economy-faces-real-risk-recession/,TheCrunk1,1552210586
2,biv4tm,Are Syringe Exchange Programs Helpful or Harmful? New Evidence in the Wake of the Opioid Epidemic,8,https://apackham.github.io/mywebsite/opioidpaper-forweb.pdf,Richard_Bolitho,1556573954
2,bb8wo3,"JPMorgan Chase CEO Jamie Dimon on jobs, tariffs and politics.",5,https://infadium.blogspot.com/p/blog-page_9.html,orange_feelings,1554821777
1,cmnknx,Perkins &amp; Marie Callender's LLC close 29 locations and file for bankruptcy,165,https://www.usatoday.com/story/money/food/2019/08/05/perkins-marie-callenders-bankruptcy-restaurant-closings/1926980001/,thinkB4WeSpeak,1565077139
2,t19d1e,"AP News: Live updates: European Union freezes assets of Putin, Lavrov",1,https://apnews.com/article/russia-ukraine-business-europe-united-nations-kyiv-6ccba0905f1871992b93712d3585f548,Motor-Ad-8858,2022-02-25
2,bcdzlm,Herman Cain expected to withdraw from Fed Reserve Board of Governors consideration,20,https://abcnews.go.com/Politics/herman-cain-expected-withdraw-fed-reserve-board-governors/story?id=62346264,fivemoretimes,1555078169
2,ra4e1n,China Cuts Reserve Requirement Ratio as Economy Slows,1,https://www.bnnbloomberg.ca/china-cuts-reserve-requirement-ratio-as-economy-slows-1.1691660.html,Defiant_Race_7544,2021-12-06
1,junvik,"Almost 60 percent of business closures are now permanent, new Yelp data shows",147,https://www.nbcnews.com/business/economy/almost-60-percent-business-closures-are-now-permanent-new-yelp-n1240209,speckz,1605455258
2,ce0p7z,White House projects $1 trillion deficit for 2019,1610,https://thehill.com/policy/finance/453177-wh-projects-1-trillion-deficit-for-2019,anitachance,1563300523
2,borivo,Who Pays for Tariffs and Trade Restrictions? Consumers Do.,104,https://www.forbes.com/sites/artcarden/2019/04/22/who-pays-for-tariffs-and-trade-restrictions-consumers-do/#7cab4e7770d2,artcarden,1557883832
2,hwtc2q,Tesla sues Rivian over ‘disturbing pattern’ of alleged trade secret theft,262,https://www.theverge.com/2020/7/23/21335638/tesla-rivian-lawsuit-confidential-information-trade-secrets,darthatheos,1595557103
1,otjhnk,Ronna McDaniel: Pennsylvanians can’t afford Biden’s economic crisis,1,https://broadandliberty.com/2021/07/28/ronna-mcdaniel-pennsylvanians-cant-afford-bidens-economic-crisis/,scrutontapeletters,2021-07-28
2,dbmhz4,Poverty in America - The best way to eradicate poverty in America is to focus on children | Special report | The Economist,33,https://amp.economist.com/special-report/2019/09/26/the-best-way-to-eradicate-poverty-in-america-is-to-focus-on-children,DragonGod2718,1569896278
3,bh3fxs,The California Economy Isn’t Just a U.S. Powerhouse — There are good reasons why one American state leaves big countries like France and Italy in the rearview mirror and overtook the U.K. last year.,37,https://www.bloomberg.com/opinion/articles/2019-04-24/california-economy-soars-above-u-k-france-and-italy,BlankVerse,1556159799
2,q2e1pw,Global deal on 15% minimum corporate tax rate has support of 140 OECD countries,22,https://www.theguardian.com/business/2021/oct/05/global-deal-on-15-minimum-tax-rate-for-multinationals-edges-closer,Competitive_Travel16,1633498787
3,btdrt8,Florida Is the Big Winner as the Wealthy Move Out of Northern States,5,http://www.bloomberg.com/news/articles/2019-05-24/migration-s-biggest-loser-is-connecticut-as-florida-profits,resnica,1558907515
1,nzy5uw,"Column: Chipotle says it raised prices to cover hourly wage hike, doesn't mention execs' huge COVID-19 bonuses",984,https://www.latimes.com/business/story/2021-06-14/chipotle-labor-costs-execs-covid-bonuses,BlankVerse,1623707837
2,cd3bxj,"In states where marijuana is legal, licensed dispensaries are pushing out drug dealers",994,https://www.transparenttraders.me/2019/07/in-states-where-marijuana-is-legal.html,Transparent_Traders,1563112931
2,cmp87i,China responds to US after Treasury designates Beijing as a currency manipulator,27,https://wetradehq.com/blog/China-responds-to-US-after-Treasury-designates-Beijing-as-a-currency-manipulator,st4yd0wn,1565089945
2,lpdtii,"Amazon changed traffic light timing during union drive, county officials say - The Verge",2,https://www.theverge.com/2021/2/17/22287191/amazon-alabama-warehouse-union-traffic-light-change-bessemer,ElonMuch,1613963930
2,cim5m5,What to Expect from the New G20 Crypto AML Regulation,66,https://blog.cryptohound.ai/index.php/g20-crypto-aml-regulation/,SeanyMcMuscles,1564257486
2,sumx3f,Vulnerable Senate Dems try to run as tax-cutters,1,https://www.politico.com/news/2022/02/16/vulnerable-senate-dems-tax-cuts-00009497,MustacheBattle,2022-02-17
1,chb6d0,"Contact Lens Start-Up, Big on Social Media, May Be Bad for Eyes, Doctors Say",71,https://www.nytimes.com/2019/07/21/business/media/hubble-contact-lens.html,SuccessfulOperation,1563989221
2,qb4694,Opinion | Urban myths about economics have taken root — and the cost is high,1,https://www.washingtonpost.com/opinions/2021/10/18/urban-myths-about-economics-have-taken-root-cost-is-high/,Icantweetthat,2021-10-19
2,au5q6j,"The greater the income inequality in a country, the likelier parents there are to push their kids to work hard",86,https://www.washingtonpost.com/news/posteverything/wp/2019/02/22/feature/how-economic-inequality-gives-rise-to-hyper-parenting/?noredirect=on&amp;utm_term=.c75dbe585f36,B0etius02,1550993736
2,c3ljyn,The Dollar May Be Knocked off Its Pedestal,12,https://www.wsj.com/articles/the-dollar-may-be-knocked-off-its-pedestal-11558565449,wakeup2019,1561179751
3,qzeft2,China’s central bank signals easing as recovery risks mount,1,https://www.afr.com/world/asia/china-s-central-bank-signals-easing-as-recovery-risks-mount-20211122-p59b1o,wb19081908,2021-11-22
2,av1gqp,"Cannabis legalization is turning Toronto into the weed capital of the world. Here, a look at who’s getting rich off reefer",323,https://torontolife.com/city/whos-getting-rich-off-reefer/,stairapprentice,1551199218
2,b4kvxy,How a premature ejaculation drug sparked a $150 million legal battle over trade secrets,135,https://www.cnbc.com/2019/03/23/how-sex-drug-promescent-sparked-a-150-million-legal-battle.html,Chachaman666,1553357574
2,bgtzxv,US stocks rally again to record highs as earnings smash expectations — 'Is it different this time?',261,https://www.thisisinsider.com/stock-market-news-us-rallies-as-earnings-better-than-expected-2019-4,hissingkittycom,1556108853
2,bejpf2,Finance profits before/after repeal of Glass Steagall Act,10,https://kyso.io/eoin/finance-profits-beforeafter-repeal-of-glass-steagall-act,eoinmurray92,1555581437
2,byr35j,Bloomberg: Goldman Expects Yuan to Breach 7 Per Dollar Within Three Months,131,https://www.bloomberg.com/news/articles/2019-06-09/goldman-now-sees-yuan-breaching-7-per-dollar-within-three-months,Where2cop857,1560125635
2,asw83g,Swiss banking giant UBS fined more than $5 billion in fraud case,23,https://www.cnn.com/2019/02/20/business/ubs-france-fraud/index.html,michapman2,1550709145
3,dm1cma,Spirit Airlines close to agreeing major Airbus order: sources,9,https://www.reuters.com/article/us-spirit-airlines-aircraft-idUSKBN1X21XE,ThinkLongterm,1571846442
2,r5n17k,Eurozone inflation hits a record high of 4.9 percent - New York Times,1,https://www.nytimes.com/2021/11/30/business/eurozone-inflation-hits-a-record-high-of-4-9-percent.html,tigeryi,2021-11-30
2,wpthbo,Hedge fund Elliott dumps SoftBank stake after souring on Masayoshi Son,2,https://www.ft.com/content/f9d0c388-9cda-4377-9694-f607d86b5591,financialtimes,1660654110
1,rh2tra,China housing market slumps again as another developer runs into trouble | China,1,https://www.theguardian.com/world/2021/dec/15/china-housing-market-slumps-again-as-another-developer-runs-into-trouble,fragrance-harbour,2021-12-15
2,sz9eeh,Russia-Ukraine puts 10% U.S. inflation on radar as BlackRock repeats central banks may have to live with inflation,1,https://www.marketwatch.com/story/russia-ukraine-puts-10-u-s-inflation-on-radar-as-blackrock-repeats-central-banks-may-have-to-live-with-inflation-11645565763,iaxeuanswerme,2022-02-23
3,oqh3jk,Economics actually works!,1,https://amp.cnn.com/cnn/2021/07/21/business/chipotle-hiring-wages/index.html,Omnipotent-Ape,2021-07-24
3,hinn9r,Netflix to move $100 million in cash into Black community banks,2,https://www.axios.com/netflix-moves-cash-black-community-banks-2d609afe-b575-49e2-9262-d51e6d1eb5e3.html,allpenny,1593524790
2,fuy7lg,"Oil set to ‘crater’ Monday as OPEC meeting delayed, tensions flare between Saudi Arabia and Russia",5,https://www.cnbc.com/2020/04/04/oil-set-to-crater-monday-as-opec-meeting-delayed-tensions-flare-between-saudi-arabia-and-russia.html,uslvdslv,1586023300
2,huy5fn,"Judy Shelton, Trump’s controversial pick for the Fed, expected to be approved by Senate banking panel this week",102,https://www.washingtonpost.com/business/2020/07/20/judy-shelton-fed-vote/,TacticalPorkchop,1595294512
2,t57vrm,5 Simple Things Everyone Should Know About Inflation,1,https://simplifiedneeds.com/2022/03/02/5-simple-things-everyone-should-know-about-inflation/,callofdoobie,2022-03-02
2,dgod7y,Amazon cuts off three delivery companies publicly linked to deaths,34,https://www.engadget.com/2019/10/11/amazon-cuts-ties-three-delivery-companies/?guccounter=1&amp;guce_referrer=aHR0cHM6Ly93d3cuZW5nYWRnZXQuY29tLzIwMTkvMTAvMTEvcG9kY2FzdC1tYWNvcy1jYXRhbGluYS12aXN0YS8&amp;guce_referrer_sig=AQAAAGeJh8PMtV7et0sd2xDY3XB-wJQM3EKrPHX19cub5Q0D7Q40i7BQK0mkKkcv2rtrtXwzw8ccTaZXU9_7k0HGTX9fjhLYJm7MfbdgqmY-p07j9rRPUDhv5M4RCYBX2eQR9AyKgn9boliEKJD91VM9Ofm5bghz80GfSKFkEwOIR3gl,wewewawa,1570843146
1,qdt8b1,"Over half of UK women lack investment experience, according to a recent survey",1,https://www.investingcube.com/over-half-of-uk-women-lack-investment-experience-according-to-a-recent-survey/?utm-123,hisandherpistols,2021-10-22
1,st5ylf,Racial Disparities in the Paycheck Protection Program,1,https://unassumingeconomist.com/2022/02/racial-disparities-in-the-paycheck-protection-program/,rustoo,2022-02-15
1,bfpjtt,Trump is leading a global attack against central banks. It could end in disaster.,1728,https://www.washingtonpost.com/opinions/trump-is-part-of-a-worldwide-populist-assault-on-central-banks/2019/04/18/6ebbdd78-620f-11e9-9ff2-abc984dc9eec_story.html?utm_term=.27d587cb7a8e,GodKnightMoon,1555858093
2,syeu4w,China plans bigger tax cuts in 2022 to prop up slower growth,1,https://www.reuters.com/markets/rates-bonds/china-plans-bigger-tax-cuts-2022-prop-up-slowing-growth-2022-02-22/,Motor-Ad-8858,2022-02-22
2,qywp93,The Evolution of Household Net Worth during COVID-19,1,https://www.stlouisfed.org/on-the-economy/2021/november/evolution-household-net-worth-during-covid19,Unl0ck3r,2021-11-21
1,boxwne,Industrial production falls 0.5% amid big decline in auto output,2,https://www.cnbc.com/2019/05/15/industrial-production-april-2019.html,BlackWallStreet,1557926682
2,d5wg2p,Libra is imperialism by stealth,15,https://ftalphaville.ft.com/2019/09/13/1568370798000/Libra-is-imperialism-by-stealth/,Ebadd,1568806540
2,df1qlf,A 29-year-old mayor gave his city’s poorest residents $500 a month. Here's how they spent the money.,6909,https://www.businessinsider.com/stockton-basic-income-trial-results-success-2019-10,Modern_chemistry,1570549361
1,t9r1uq,"Iconic U.S. brands Coca-Cola, Pepsi and McDonald's suspend business in Russia",1,https://www.cnbc.com/2022/03/08/coca-cola-follows-mcdonalds-starbucks-in-suspending-business-in-russia.html?__source=iosappshare%7Ccom.apple.UIKit.activity.Message,GoMx808-0,2022-03-08
2,dlhunl,"In 1999, Donald Trump supported a wealth tax more severe than anything Elizabeth Warren is proposing",295,https://www.businessinsider.com/donald-trump-wealth-tax-from-1999-more-severe-elizabeth-warren-2019-10/,protekt0r,1571750462
2,sp6lcc,Snoop Dogg takes over Death Row Records brand as owner,1,https://apnews.com/article/entertainment-sports-business-arts-and-entertainment-music-3d8795e142b0633d5497c272c8823214,zsreport,2022-02-10
2,bgd9hr,The wave of unicorn IPOs reveals Silicon Valley’s groupthink,35,https://www.economist.com/briefing/2019/04/17/the-wave-of-unicorn-ipos-reveals-silicon-valleys-groupthink?utm_source=pocket-newtab,mothabuckinbroncos,1556002675
2,astf08,Fed Minutes Show Officials Unsure on Need for Rate Hikes in 2019,5,https://www.bloomberg.com/news/articles/2019-02-20/fed-minutes-show-officials-unsure-on-need-for-rate-hikes-in-2019,Admiral_Red_Wings,1550695178
3,be2wya,"China’s economic growth held steady in the latest quarter despite a tariff war with Washington, suggesting Beijing’s efforts to reverse a slowdown might be gaining traction. The world’s second-largest economy expanded by 6.4% over a year earlier in the three months ending in March",20,https://apnews.com/3ed99e0a6b4f405b838f3664a4f949d9,DoremusJessup,1555470325
2,chrsbj,Switzerland’s Entire Sovereign Yield Curve Is Now Negative,36,https://thesoundingline.com/in-brief-switzerlands-entire-sovereign-yield-curve-is-now-negative/,TapsCoogan,1564080419
2,ok398d,Opinion | Powell Gets His Inflation,1,https://www.wsj.com/articles/powell-gets-his-inflation-11626215534?st=czmfgsodqur8ant&amp;reflink=article_copyURL_share,JayG-OK,2021-07-14
2,q1hg14,Facebook's Mark Zuckerberg loses $8.5b due to outage,1,https://www.nzherald.co.nz/business/facebooks-mark-zuckerberg-loses-85b-due-to-outage/IDAZY33MZXDA5FQUGZHJDNJNSI/,Elliottafc1,2021-10-04
3,c23hv8,Increasing Returns and the New World of Business,46,https://hbr.org/1996/07/increasing-returns-and-the-new-world-of-business,Beren-,1560871091
2,ha6mch,The Fed begins purchases of up to $250 billion in individual corporate bonds,4,https://markets.businessinsider.com/news/stocks/federal-reserve-begins-individual-corporate-bond-purchases-secondary-market-relief-2020-6-1029309910,speckz,1592322763
1,r2rq9i,"Dow plunges by 1,000 points in worst drop of 2021 as new COVID-19 variant triggers market sell-off",1,https://www.foxbusiness.com/markets/stocks-oil-fall-covid-19-black-friday-retail,KinnerNevada,2021-11-26
1,cb7tii,No Slack being cut by Microsoft Teams,27,https://etr.plus/articles/no-slack-by-teams,currygoat,1562710741
2,o1uae3,Apple Would Be Banned From Preinstalling Its Own iPhone Apps Under Proposed Antitrust Bill,225,https://hothardware.com/news/apple-would-be-banned-from-preinstalling-its-own-iphone-apps-under-proposed-antitrust-bill,bartturner,1623926785
2,cw908m,"Govt clueless about economic crisis, stealing from RBI: Congress",5,https://www.livemint.com/politics/news/govt-clueless-about-economic-crisis-stealing-from-rbi-congress-1566930362072.html,ElasticBalloon,1566932995
2,spb7m1,"Hertz Corp. is battling hundreds of customers who say they were falsely arrested for auto theft after renting cars from the company, and was ordered by a federal judge to disclose how many renters it accuses every year",1,https://news.yahoo.com/hertz-ordered-reveal-data-related-183047035.html,ombx,2022-02-10
2,c0e7ls,China has a negative list of industries that foreign companies are restricted in controlling ownership. The 18 industries are listed the comments.,3,https://www.china-briefing.com/news/chinas-new-negative-list-targets-unified-market-access/,rethinkingat59,1560476011
2,cvm8ao,How The Resignation of Italy’s Prime Minister Threatens the European Union and The Global Economy,678,https://www.cassandracapital.net/post/how-the-resignation-of-italy-s-prime-minister-threatens-the-european-union-and-the-global-economy,joshuafkon,1566815401
3,d3cyw5,"Buy Indian stocks, which could see 10% returns in the next 6 months, says Credit Suisse",4,https://www.cnbc.com/2019/09/12/investing-india-stocks-could-see-10percent-returns-says-credit-suisse.html,azidd,1568316337
3,op3r9g,J.B. Hunt says intermodal demand exceeds capacity,1,https://www.trains.com/trn/news-reviews/news-wire/j-b-hunt-says-intermodal-demand-exceeds-capacity/,thinkB4WeSpeak,2021-07-22
2,spqpne,Emergency Fed Board Meeting Called Feb 14,1,https://www.federalreserve.gov/aboutthefed/boardmeetings/20220214closed.htm,liiiliililiiliiil,2022-02-11
2,ozscja,China’s economic outlook for the second half of 2021,1,https://www.scmp.com/economy/china-economy/series/3143466/chinas-economic-outlook-second-half-2021,investorinvestor,2021-08-07
2,d0m8x6,Powell: Fed 'not forecasting or expecting a recession',135,https://www.politico.com/story/2019/09/06/powell-fed-not-forecasting-recession-1711332,Bemuzed,1567802342
3,o14og5,Hipgnosis aims to raise £150m to buy more of ‘most influential songs of all time’,11,https://www.theguardian.com/business/2021/jun/16/hipgnosis-aims-to-raise-150m-to-buy-more-of-most-influential-songs-of-all-time-music,WannoHacker,1623849515
2,p1587a,China's Real Estate Developer Evergrande: Monetary Loosening The Only Way Out,1,https://www.forbes.com/sites/annestevenson-yang/2021/08/09/evergrande-monetary-loosening-the-only-way-out/?sh=1648be887850,FutureisAsian,2021-08-09
3,psvazc,Biden vows to double aid to developing countries vulnerable to climate crisis,1,https://www.theguardian.com/us-news/2021/sep/21/joe-biden-un-general-assembly-climate-aid-developing-countries,Genedide,2021-09-21
2,fufcvc,"Dow 15,000 very likely as coronavirus pandemic hits U.S. economy: strategist",3,https://finance.yahoo.com/news/dow-15000-very-likely-as-coronavirus-pandemic-hits-us-economy-strategist-181857580.html,ConstantinesRevenge,1585944128
1,dki3re,"A sober brawl; Alcohol firms promote moderate drinking, but it would ruin them - A sober brawl",152,https://www.economist.com/graphic-detail/2019/10/19/alcohol-firms-promote-moderate-drinking-but-it-would-ruin-them,just_a_little_boy,1571568632
2,r09b4r,The rise and rise of the global balance sheet: How productively are we using our wealth?,1,https://www.mckinsey.com/industries/financial-services/our-insights/the-rise-and-rise-of-the-global-balance-sheet-how-productively-are-we-using-our-wealth,Lolkac,2021-11-23
2,q3ncze,"Fed’s Brainard Says Banks Likely to Need Direction From Regulators on Managing Climate Risks. ‘Climate change could have profound consequences’ on economic activity, says Fed governor.",1,https://www.wsj.com/articles/feds-brainard-says-banks-likely-to-need-direction-from-regulators-on-managing-climate-risks-11633615200,coolbern,2021-10-08
2,csh74x,Employee Time &amp; Attendance Is More Important Than You Think,34,https://www.deputy.com/blog/why-employee-time-and-attendance-is-important,RoutineChampion,1566221873
1,dsoyem,This solar farm has to switch off every second day due to negative prices,452,https://reneweconomy.com.au/this-solar-farm-has-to-switch-off-every-second-day-due-to-negative-prices-63529/,cake_donut,1573084451
3,d0ebqu,The Amazon Influencer Programme is bringing up sales of ordinary household items by up to 30%,7,https://screenshot-magazine.com/the-future/amazon-influencer-programme/,ShiraJecz1,1567762076
2,bv56xh,Here’s why China’s trade war threat to restrict rare earth minerals is so serious,20,https://www.cnbc.com/2019/05/30/heres-why-chinas-trade-war-threat-to-restrict-rare-earth-minerals-is-so-serious.html,hotmial,1559293305
2,p0i5z3,"Since its inception, value investing has taken many forms, as Warren Buffet argued that the core of value investing is buying stocks less than their intrinsic value.",1,https://joyfulbusinessblog.com/the-basic-concepts-of-value-investing/,WdrFgt,2021-08-08
1,cevxtr,Netflix (NFLX) Stock Plunges as US Customers Fall on Price Hike,2,https://www.bloomberg.com/news/articles/2019-07-17/netflix-plunges-as-price-increase-leads-to-u-s-customer-losses,just_quant,1563472976
1,cyfeyg,It’s Time to Start Worrying About the National Debt,3,https://www.wsj.com/articles/its-time-to-start-worrying-about-the-national-debt-11566569998,xcsler_returns,1567371204
2,dd4f77,Zuckerberg says Facebook will sue to stop EU’s global content takedowns,529,https://techcrunch.com/2019/10/03/zuckerberg-vs-ecj/,behindthedash,1570176811
2,pzbexb,"Facebook clarifies that the data is better interpreted as “teens who have lower life satisfaction more likely to say Instagram makes their mental health worse than teens who are satisfied with their lives"". What are your thoughts on this?",1,https://www.theverge.com/2021/9/29/22701445/facebook-instagram-mental-health-research-pdfs-documents,team_NITL,2021-10-01
2,r5durp,The Delta variant hit the US economy hard. Will Omicron pack a similar punch?,1,https://www.bostonglobe.com/2021/11/29/nation/delta-variant-hit-us-economy-hard-will-omicron-pack-similar-punch/?outputType,Defiant_Race_7544,2021-11-30
2,qjdqwx,Job gains and losses by state from March 2019 to March 2021,1,https://www.bls.gov/opub/ted/2021/job-gains-and-losses-by-state-from-march-2019-to-march-2021.htm,Unl0ck3r,2021-10-31
1,b7faer,Chick-fil-A no longer in plans for Buffalo airport due to LGBTQ issues,485,https://www.newyorkupstate.com/news/2019/03/chick-fil-a-no-longer-in-plans-for-buffalo-airport-due-to-lgbtq-issues.html,thinkB4WeSpeak,1553975793
3,jvwp29,Why super apps are proliferating across emerging markets,45,https://afridigest.substack.com/p/why-super-apps-are-proliferating,ilikepancakez,1605632640
3,rb9g6t,Jack in the Box will Acquire Del Taco In a $575 Million Deal,218,https://www.toisthe.com/2021/12/jack-box-buy-del-taco-575-million-deal.html,Renxer0002,1638911015
2,bxf4kj,"Laws of utility: Definition, Types, Examples",7,https://azowadabrar.blogspot.com/2019/03/laws-of-utility.html,William912,1559816798
2,sxno7s,"Inflation is surging, and corporate pricing is, too",1,https://www.vox.com/2022/2/20/22943257/inflation-corporations-price-hikes-consumer-price-index,iaxeuanswerme,2022-02-21
2,t717mt,"When the public thinks up is down, it's time to rethink coverage | Press Watch",1,https://presswatchers.org/2022/03/when-the-public-thinks-up-is-down-its-time-to-rethink-coverage/,Johnsense,2022-03-05
2,dhs7ey,Bernie Wants You to Own More of the Means of Production,15,https://www.jacobinmag.com/2019/10/bernie-wants-you-to-own-more-of-the-means-of-production,psychothumbs,1571067153
1,divh77,"Two words ""Keystone Economics"" Could be the missing key to why things are not going our way.",2,https://en.wikipedia.org/wiki/Keystone_species,NayMarine,1571258638
2,qos18f,A Handful of Billionaires Received Stimulus Checks During Pandemic,1,https://www.propublica.org/article/these-billionaires-received-taxpayer-funded-stimulus-checks-during-the-pandemic/amp,Ramalamsey,2021-11-07
2,mi3feo,"U.S. campaign against Huawei appears to be working, as Chinese tech giant loses sales outside its home market",2,https://www.washingtonpost.com/technology/2021/03/31/impact-us-campaign-against-huawei/,thebelsnickle1991,1617306583
2,bmw3un,Uber valued at $82bn in share listing,11,https://www.bbc.com/news/business-48222567,DarkMoon99,1557479999
3,opmcdz,US housing market boosts case for rate rises (ING),1,https://think.ing.com/articles/us-housing-market-boosts-case-for-rate-rises/,jacobhess13,2021-07-22
2,c1qouv,Sotheby’s auction house is being taken private by group controlled by art collector Patrick Drahi,179,https://www.cnbc.com/2019/06/17/sothebys-is-in-talks-to-be-sold-sources.html,michapman2,1560793874
2,br8fdl,Interview with John Hempton Regarding the Australian Housing Bubble,3,https://thejollyswagmen.com/new-blog/johnhemptonbubbleweek,Beren-,1558432293
1,cy5odv,"Consumers Are At Tipping Point, So Prepare For Bear Stock Market And Recession",191,https://www.forbes.com/sites/johntobey/2019/08/30/consumers-are-at-tipping-point-so-prepare-for-bear-market-and-recession/#3636bac127d6,RichKatz,1567312259
3,oozdgj,"Delta variant of Covid-19 isn’t expected to dent robust U.S. recovery. Economists see continued spending, hiring and limited disruptions as health officials try to avoid restrictions and boost vaccinations.",1,https://www.wsj.com/articles/delta-variant-of-covid-19-isnt-expected-to-dent-robust-u-s-recovery-11626875957,thebelsnickle1991,2021-07-21
1,pjjfy5,California could force Amazon to reveal productivity quotas that critics say limit workers’ bathroom breaks. Amazon claims performance targets depend on ‘actual employee performance’.,1,https://www.independent.co.uk/news/world/americas/us-politics/california-bill-amazon-warehouse-workers-b1915391.html,chelsea707,2021-09-07
1,b23g5k,Fed to hold fire on interest rates as world economy slows,28,https://www.france24.com/en/20190317-fed-hold-fire-interest-rates-world-economy-slows,Wagamaga,1552814449
2,b906a2,Companies Need to Prepare for the Next Economic Downturn,1021,https://hbr.org/2019/04/companies-need-to-prepare-for-the-next-economic-downturn,longintro,1554308909
1,pituh2,Dollar near one-month low on bets for later Fed taper,1,https://www.cnbc.com/2021/09/06/forex-markets-dollar-federal-reserve.html,kongweeneverdie,2021-09-06
2,pgs3no,"China's elite scramble for path to Xi's 'common prosperity.' Massive wealth inequality in China: The top 10% of households own three or more homes. Meanwhile, 70% of migrants and millennials in cities cannot afford to buy their first home.",1,https://asia.nikkei.com/Business/China-tech/China-s-elite-scramble-for-path-to-Xi-s-common-prosperity,FutureisAsian,2021-09-02
2,c14f1k,Does the Jones Act Hurt Puerto Rico?,13,https://link.medium.com/wcYYclzoyX,OR52K1,1560646938
2,p9qmpx,"Aug 22, 2021 - Taliban Takeover: China Welcomes New Government, Pushes Investments... https://www.fmprc.gov.cn/mfa_eng/zxxx_662805/t1895950.shtml",1,https://nationalinterest.org/blog/middle-east-watch/taliban-takeover-china-welcomes-new-government-pushes-investments-192081,DomPachino,2021-08-23
2,qxfge8,Impossible Foods Is Bringing Another New Plant-Based Meat to the Grocery Store,1,https://www.thrillist.com/news/nation/impossible-foods-meatballs-release-walmart,lnfinity,2021-11-19
1,gs81kv,Pending home sales saw biggest decline on record in April because of coronavirus pandemic,2,https://www.marketwatch.com/story/pending-home-sales-saw-biggest-decline-on-record-in-april-because-of-coronavirus-pandemic-2020-05-28?mod=bnbh_mwarticle,DoremusJessup,1590678758
1,g9c7tu,USO ETF wreaks havoc on an already volatile crude oil market,3,https://news.bloomberglaw.com/securities-law/oil-etf-wreaks-havoc-on-crude-market-in-wake-of-sub-zero-prices,ilikepancakez,1588030952
2,pnxba1,Workers Want to Do Their Jobs From Anywhere and Keep Their Big-City Salaries - Employers see remote work as an opportunity to save money by cutting pay; employees argue that their work has the same value no matter where they do it,1,https://www.wsj.com/articles/workers-want-to-do-their-jobs-from-anywhere-and-keep-their-big-city-salaries-11631282375,ombx,2021-09-14
1,jwcxze,The myth of China's manufacturing decline,4,https://asia.nikkei.com/Opinion/The-myth-of-China-s-manufacturing-decline,chiliboi19,1605692544
2,huojkb,What Coronavirus Job Losses Reveal About Racism in America,4,https://projects.propublica.org/coronavirus-unemployment/,easyone,1595263190
1,batme3,Canada February building permits -5.7% vs +2.0% expected,12,https://www.forexlive.com/news/!/canada-february-building-permits-57-vs-20-expected-20190408,Wagamaga,1554729002
2,cij740,"Are the claims in this academic paper entitled ""The Breakdown of the Keynesian Model"" still valid and accurate today ?",4,https://www.nationalaffairs.com/public_interest/detail/the-breakdown-of-the-keynesian-model,MundaneWolverine123,1564243219
2,bj4123,China quitting canola addiction has Canadian farmers sweating,14,https://www.postguam.com/the_globe/world/china-quitting-canola-addiction-has-canadian-farmers-sweating/article_54c4f13e-59b8-11e9-8d09-b7fb7d4d6767.html,TapsCoogan,1556634923
2,pcs57l,CNBC: Key inflation gauge rises 3.6% from a year ago to tie biggest jump since the early 1990s,1,https://www.cnbc.com/2021/08/27/key-inflation-gauge-rises-3point6percent-from-a-year-ago-to-tie-biggest-jump-since-the-early-1990s.html,tigeryi,2021-08-27
2,bsvl6m,Dear Companies: Your Future Customers And Employees Want Climate Action,3,https://www.forbes.com/sites/edfenergyexchange/2019/05/22/dear-companies-your-future-customers-and-employees-want-climate-action/?edf=601#738e2ec27755,Kunphen,1558797295
1,p0b7kf,House price growth slows as housing market cools,1,https://www.bbc.com/news/business-58112221,JustARandomPerson902,2021-08-08
2,bhs2ac,Women Did Everything Right. Then Work Got ‘Greedy.’ - How America’s obsession with long hours has widened the gender gap.,4,https://www.nytimes.com/2019/04/26/upshot/women-long-hours-greedy-professions.html,pipsdontsqueak,1556316214
2,ls2oc8,Kushner’s Times Square Center Moves Toward Foreclosure,687,https://www.bloomberg.com/news/articles/2021-02-23/kushner-family-s-times-square-property-moves-toward-foreclosure,Maxcactus,1614245151
1,pqf9rt,Australia to oppose China’s bid to join trade pact until it halts strikes against exports,1,https://www.theguardian.com/australia-news/2021/sep/18/australia-to-oppose-chinas-bid-to-join-trade-pact-until-it-halts-strikes-against-exports,Dirkanon,2021-09-18
2,ctigbm,Deficit Will Reach $1 Trillion Next Year,39,https://www.nytimes.com/2019/08/21/us/politics/deficit-will-reach-1-trillion-next-year-budget-office-predicts.html?action=click&amp;module=Top%20Stories&amp;pgtype=Homepage,ham_solo,1566401613